{
  "27a5af22": {
    "citations": 0,
    "h_index": 0,
    "i10_index": 0,
    "timestamp": 1760414093.813829
  },
  "f82927e5": {
    "citations": 0,
    "h_index": 0,
    "i10_index": 0,
    "timestamp": 1760414094.0136027
  },
  "330b2ec8": {
    "citations": 0,
    "h_index": 0,
    "i10_index": 0,
    "timestamp": 1760414094.1673028
  },
  "269d1df4": {
    "citations": 1010,
    "h_index": 17,
    "i10_index": 26,
    "timestamp": 1760414094.519786
  },
  "604acafb": {
    "citations": 127,
    "h_index": 6,
    "i10_index": 4,
    "timestamp": 1760414100.770113
  },
  "178c7c38": {
    "citations": 0,
    "h_index": 0,
    "i10_index": 0,
    "timestamp": 1760414106.2875285
  },
  "93f1f247": {
    "citations": 0,
    "h_index": 0,
    "i10_index": 0,
    "timestamp": 1760414106.4481325
  },
  "356479b6": {
    "citations": 0,
    "h_index": 0,
    "i10_index": 0,
    "timestamp": 1760414106.50802
  },
  "d1eaa67b": {
    "citations": 136,
    "h_index": 6,
    "i10_index": 6,
    "timestamp": 1760414109.223037
  },
  "fbac84dc": {
    "citations": 0,
    "h_index": 0,
    "i10_index": 0,
    "timestamp": 1760414112.848861
  },
  "2ae48827": {
    "citations": 0,
    "h_index": 0,
    "i10_index": 0,
    "timestamp": 1760414119.0089433
  },
  "cf49f1ec": {
    "citations": 0,
    "h_index": 0,
    "i10_index": 0,
    "timestamp": 1760414119.9672182
  },
  "531abde5": {
    "citations": 0,
    "h_index": 0,
    "i10_index": 0,
    "timestamp": 1760414120.5210164
  },
  "42352203": {
    "citations": 0,
    "h_index": 0,
    "i10_index": 0,
    "timestamp": 1760414122.6117797
  },
  "6e29ae55": {
    "citations": 0,
    "h_index": 0,
    "i10_index": 0,
    "timestamp": 1760414125.8950155
  },
  "61b86351": {
    "citations": 0,
    "h_index": 0,
    "i10_index": 0,
    "timestamp": 1760414131.543357
  },
  "0742e275": {
    "citations": 0,
    "h_index": 0,
    "i10_index": 0,
    "timestamp": 1760414132.1027734
  },
  "5b69dd05": {
    "citations": 0,
    "h_index": 0,
    "i10_index": 0,
    "timestamp": 1760414132.4239242
  },
  "ee2462c8": {
    "citations": 0,
    "h_index": 0,
    "i10_index": 0,
    "timestamp": 1760414134.809567
  },
  "40228e0a": {
    "citations": 0,
    "h_index": 0,
    "i10_index": 0,
    "timestamp": 1760414138.390965
  },
  "bc094bd0": {
    "citations": 0,
    "h_index": 0,
    "i10_index": 0,
    "timestamp": 1760414142.4839451
  },
  "22caa4c9": {
    "citations": 725,
    "h_index": 12,
    "i10_index": 12,
    "timestamp": 1760414142.8701243
  },
  "f9d3a7fa": {
    "citations": 0,
    "h_index": 0,
    "i10_index": 0,
    "timestamp": 1760414143.9659975
  },
  "90e6e90e": {
    "citations": 0,
    "h_index": 0,
    "i10_index": 0,
    "timestamp": 1760414146.3134933
  },
  "add3ab6d": {
    "citations": 0,
    "h_index": 0,
    "i10_index": 0,
    "timestamp": 1760414149.3818758
  },
  "ca6b7fa2": {
    "citations": 0,
    "h_index": 0,
    "i10_index": 0,
    "timestamp": 1760414154.400943
  },
  "4cf60b85": {
    "citations": 0,
    "h_index": 0,
    "i10_index": 0,
    "timestamp": 1760414154.4324093
  },
  "5b999cef": {
    "citations": 0,
    "h_index": 0,
    "i10_index": 0,
    "timestamp": 1760414155.581635
  },
  "0afcc15a": {
    "citations": 0,
    "h_index": 0,
    "i10_index": 0,
    "timestamp": 1760414157.7304957
  },
  "22da2bc5": {
    "citations": 202,
    "h_index": 8,
    "i10_index": 6,
    "timestamp": 1760414162.6170104
  },
  "bf8f1654": {
    "citations": 0,
    "h_index": 0,
    "i10_index": 0,
    "timestamp": 1760414166.653529
  },
  "ae3fd05b": {
    "citations": 0,
    "h_index": 0,
    "i10_index": 0,
    "timestamp": 1760414167.1058304
  },
  "8c57837a": {
    "citations": 49,
    "h_index": 4,
    "i10_index": 1,
    "timestamp": 1760414168.309348
  },
  "0c4c9965": {
    "citations": 2853,
    "h_index": 30,
    "i10_index": 71,
    "timestamp": 1760414172.343703
  },
  "a570f76f": {
    "citations": 0,
    "h_index": 0,
    "i10_index": 0,
    "timestamp": 1760414173.7934473
  },
  "2d766a82": {
    "citations": 155,
    "h_index": 4,
    "i10_index": 2,
    "timestamp": 1760414176.2303913
  },
  "d8c863bb": {
    "citations": 0,
    "h_index": 0,
    "i10_index": 0,
    "timestamp": 1760414177.6550002
  },
  "77a51e69": {
    "citations": 545,
    "h_index": 13,
    "i10_index": 19,
    "timestamp": 1760414181.1501951
  },
  "ec7dc7c9": {
    "citations": 876,
    "h_index": 17,
    "i10_index": 25,
    "timestamp": 1760414181.779728
  },
  "3b13e4a3": {
    "citations": 169,
    "h_index": 7,
    "i10_index": 4,
    "timestamp": 1760414184.4719603
  },
  "df0182b6": {
    "citations": 0,
    "h_index": 0,
    "i10_index": 0,
    "timestamp": 1760414185.6368484
  },
  "4a7c35c2": {
    "citations": 0,
    "h_index": 0,
    "i10_index": 0,
    "timestamp": 1760414189.4045053
  },
  "6b9d99ac": {
    "citations": 62,
    "h_index": 4,
    "i10_index": 2,
    "timestamp": 1760414192.4848273
  },
  "37c82811": {
    "citations": 116,
    "h_index": 6,
    "i10_index": 5,
    "timestamp": 1760414193.1262121
  },
  "b3020849": {
    "citations": 155,
    "h_index": 7,
    "i10_index": 5,
    "timestamp": 1760414197.3421166
  },
  "3dcaef53": {
    "citations": 0,
    "h_index": 0,
    "i10_index": 0,
    "timestamp": 1760414197.3432486
  },
  "d5bfcd25": {
    "citations": 0,
    "h_index": 0,
    "i10_index": 0,
    "timestamp": 1760414198.2179184
  },
  "e87038cb": {
    "citations": 72,
    "h_index": 4,
    "i10_index": 2,
    "timestamp": 1760414200.3389802
  },
  "8c81eecf": {
    "citations": 0,
    "h_index": 0,
    "i10_index": 0,
    "timestamp": 1760414204.4578493
  },
  "75229028": {
    "citations": 165,
    "h_index": 5,
    "i10_index": 3,
    "timestamp": 1760414206.64353
  }
}