{
  "269d1df4": {
    "citations": 1114,
    "h_index": 18,
    "i10_index": 27,
    "timestamp": 1770653970.2566776
  },
  "27a5af22": {
    "citations": 0,
    "h_index": 0,
    "i10_index": 0,
    "timestamp": 1770653971.1763315
  },
  "330b2ec8": {
    "citations": 216,
    "h_index": 6,
    "i10_index": 6,
    "timestamp": 1770653971.9635172
  },
  "f82927e5": {
    "citations": 472,
    "h_index": 7,
    "i10_index": 6,
    "timestamp": 1770653971.9867072
  },
  "604acafb": {
    "citations": 132,
    "h_index": 6,
    "i10_index": 4,
    "timestamp": 1770653972.036995
  },
  "178c7c38": {
    "citations": 834,
    "h_index": 15,
    "i10_index": 26,
    "timestamp": 1770653973.1686351
  },
  "93f1f247": {
    "citations": 1451,
    "h_index": 17,
    "i10_index": 23,
    "timestamp": 1770653973.6156378
  },
  "d1eaa67b": {
    "citations": 145,
    "h_index": 6,
    "i10_index": 6,
    "timestamp": 1770653974.865373
  },
  "fbac84dc": {
    "citations": 5,
    "h_index": 1,
    "i10_index": 0,
    "timestamp": 1770653975.4848256
  },
  "2ae48827": {
    "citations": 0,
    "h_index": 0,
    "i10_index": 0,
    "timestamp": 1770653975.9346137
  },
  "cf49f1ec": {
    "citations": 90,
    "h_index": 5,
    "i10_index": 4,
    "timestamp": 1770653975.9592738
  },
  "356479b6": {
    "citations": 316,
    "h_index": 12,
    "i10_index": 14,
    "timestamp": 1770653977.01075
  },
  "531abde5": {
    "citations": 389,
    "h_index": 10,
    "i10_index": 10,
    "timestamp": 1770653977.225312
  },
  "42352203": {
    "citations": 0,
    "h_index": 0,
    "i10_index": 0,
    "timestamp": 1770653978.0070574
  },
  "6e29ae55": {
    "citations": 1272,
    "h_index": 20,
    "i10_index": 34,
    "timestamp": 1770653978.5095744
  },
  "61b86351": {
    "citations": 502,
    "h_index": 13,
    "i10_index": 18,
    "timestamp": 1770653978.529109
  },
  "ee2462c8": {
    "citations": 745,
    "h_index": 16,
    "i10_index": 22,
    "timestamp": 1770653979.4593549
  },
  "0742e275": {
    "citations": 396,
    "h_index": 10,
    "i10_index": 10,
    "timestamp": 1770653979.4709303
  },
  "5b69dd05": {
    "citations": 477,
    "h_index": 12,
    "i10_index": 16,
    "timestamp": 1770653979.694299
  },
  "40228e0a": {
    "citations": 79,
    "h_index": 5,
    "i10_index": 1,
    "timestamp": 1770653981.1946905
  },
  "bc094bd0": {
    "citations": 1724,
    "h_index": 20,
    "i10_index": 48,
    "timestamp": 1770653981.2169838
  },
  "f9d3a7fa": {
    "citations": 421,
    "h_index": 9,
    "i10_index": 8,
    "timestamp": 1770653981.969985
  },
  "22caa4c9": {
    "citations": 748,
    "h_index": 12,
    "i10_index": 12,
    "timestamp": 1770653981.9848897
  },
  "90e6e90e": {
    "citations": 186,
    "h_index": 7,
    "i10_index": 6,
    "timestamp": 1770653982.1925368
  },
  "ca6b7fa2": {
    "citations": 351,
    "h_index": 10,
    "i10_index": 12,
    "timestamp": 1770653983.6924527
  },
  "add3ab6d": {
    "citations": 245,
    "h_index": 8,
    "i10_index": 5,
    "timestamp": 1770653984.0728183
  },
  "0afcc15a": {
    "citations": 368,
    "h_index": 10,
    "i10_index": 10,
    "timestamp": 1770653984.7511857
  },
  "4cf60b85": {
    "citations": 25,
    "h_index": 4,
    "i10_index": 0,
    "timestamp": 1770653984.8223896
  },
  "5b999cef": {
    "citations": 297,
    "h_index": 10,
    "i10_index": 10,
    "timestamp": 1770653984.861113
  },
  "22da2bc5": {
    "citations": 255,
    "h_index": 9,
    "i10_index": 8,
    "timestamp": 1770653986.2058682
  },
  "8c57837a": {
    "citations": 55,
    "h_index": 4,
    "i10_index": 2,
    "timestamp": 1770653986.8391747
  },
  "ae3fd05b": {
    "citations": 1330,
    "h_index": 20,
    "i10_index": 30,
    "timestamp": 1770653987.2801743
  },
  "bf8f1654": {
    "citations": 586,
    "h_index": 14,
    "i10_index": 16,
    "timestamp": 1770653987.317455
  },
  "0c4c9965": {
    "citations": 3232,
    "h_index": 31,
    "i10_index": 76,
    "timestamp": 1770653987.7399187
  },
  "a570f76f": {
    "citations": 1532,
    "h_index": 16,
    "i10_index": 40,
    "timestamp": 1770653989.136456
  },
  "d8c863bb": {
    "citations": 144,
    "h_index": 7,
    "i10_index": 4,
    "timestamp": 1770653989.7029088
  },
  "77a51e69": {
    "citations": 583,
    "h_index": 14,
    "i10_index": 21,
    "timestamp": 1770653989.8051553
  },
  "ec7dc7c9": {
    "citations": 913,
    "h_index": 17,
    "i10_index": 27,
    "timestamp": 1770653990.2321253
  },
  "2d766a82": {
    "citations": 163,
    "h_index": 4,
    "i10_index": 2,
    "timestamp": 1770653990.296985
  },
  "df0182b6": {
    "citations": 484,
    "h_index": 11,
    "i10_index": 14,
    "timestamp": 1770653992.2710102
  },
  "4a7c35c2": {
    "citations": 0,
    "h_index": 0,
    "i10_index": 0,
    "timestamp": 1770653992.465998
  },
  "3b13e4a3": {
    "citations": 184,
    "h_index": 7,
    "i10_index": 6,
    "timestamp": 1770653993.0547638
  },
  "6b9d99ac": {
    "citations": 66,
    "h_index": 4,
    "i10_index": 2,
    "timestamp": 1770653993.6734316
  },
  "37c82811": {
    "citations": 145,
    "h_index": 7,
    "i10_index": 6,
    "timestamp": 1770653993.7687967
  },
  "b3020849": {
    "citations": 166,
    "h_index": 7,
    "i10_index": 5,
    "timestamp": 1770653995.179046
  },
  "3dcaef53": {
    "citations": 0,
    "h_index": 0,
    "i10_index": 0,
    "timestamp": 1770653995.1878211
  },
  "d5bfcd25": {
    "citations": 132,
    "h_index": 6,
    "i10_index": 3,
    "timestamp": 1770653995.5291545
  },
  "75229028": {
    "citations": 187,
    "h_index": 5,
    "i10_index": 3,
    "timestamp": 1770653996.0262108
  },
  "e87038cb": {
    "citations": 86,
    "h_index": 5,
    "i10_index": 2,
    "timestamp": 1770653996.6736422
  },
  "8c81eecf": {
    "citations": 227,
    "h_index": 8,
    "i10_index": 6,
    "timestamp": 1770653996.7101147
  },
  "1c600a74": {
    "citations": 1243,
    "h_index": 16,
    "i10_index": 29,
    "timestamp": 1770653997.2134802
  },
  "e95fca89": {
    "citations": 46,
    "h_index": 2,
    "i10_index": 1,
    "timestamp": 1770653997.9095511
  },
  "340b79c3": {
    "citations": 419,
    "h_index": 10,
    "i10_index": 10,
    "timestamp": 1770653998.7662377
  },
  "3b9ea944": {
    "citations": 14,
    "h_index": 2,
    "i10_index": 0,
    "timestamp": 1770653999.4137087
  },
  "4ee705e0": {
    "citations": 204,
    "h_index": 8,
    "i10_index": 7,
    "timestamp": 1770653999.5737438
  },
  "d339d4ee": {
    "citations": 287,
    "h_index": 10,
    "i10_index": 11,
    "timestamp": 1770654000.3917587
  },
  "adbd1626": {
    "citations": 1843,
    "h_index": 18,
    "i10_index": 33,
    "timestamp": 1770654000.6800127
  },
  "84f0f655": {
    "citations": 563,
    "h_index": 12,
    "i10_index": 14,
    "timestamp": 1770654001.3148334
  },
  "96b96249": {
    "citations": 715,
    "h_index": 15,
    "i10_index": 18,
    "timestamp": 1770654001.759334
  },
  "a07fdc29": {
    "citations": 416,
    "h_index": 10,
    "i10_index": 13,
    "timestamp": 1770654002.2727525
  },
  "bad083bf": {
    "citations": 782,
    "h_index": 15,
    "i10_index": 24,
    "timestamp": 1770654002.989529
  },
  "16c18f89": {
    "citations": 110,
    "h_index": 7,
    "i10_index": 6,
    "timestamp": 1770654003.489311
  },
  "3d3b8d08": {
    "citations": 2567,
    "h_index": 18,
    "i10_index": 58,
    "timestamp": 1770654004.5170043
  },
  "e948ff38": {
    "citations": 393,
    "h_index": 9,
    "i10_index": 8,
    "timestamp": 1770654004.55986
  },
  "66fefbab": {
    "citations": 745,
    "h_index": 16,
    "i10_index": 25,
    "timestamp": 1770654004.8952606
  },
  "78e9202e": {
    "citations": 438,
    "h_index": 13,
    "i10_index": 17,
    "timestamp": 1770654005.432069
  },
  "97d45c98": {
    "citations": 453,
    "h_index": 10,
    "i10_index": 10,
    "timestamp": 1770654006.3232481
  },
  "b577bea5": {
    "citations": 1498,
    "h_index": 20,
    "i10_index": 45,
    "timestamp": 1770654006.9963996
  },